snippet_id,file_name,line_count,token_count
scikit_learn__sklearn__preprocessing___data__PowerTransformer__3226_3609_15,scikit_learn__sklearn__preprocessing___data__PowerTransformer__3226_3609_15.py,384,3183
matplotlib__lib__mpl_toolkits__mplot3d__axes3d__errorbar__3598_3928_13,matplotlib__lib__mpl_toolkits__mplot3d__axes3d__errorbar__3598_3928_13.py,331,3672
scikit_learn__sklearn__preprocessing___discretization__KBinsDiscretizer__24_547_1,scikit_learn__sklearn__preprocessing___discretization__KBinsDiscretizer__24_547_1.py,524,4667
scikit_learn__sklearn__gaussian_process___gpr__GaussianProcessRegressor__32_682_1,scikit_learn__sklearn__gaussian_process___gpr__GaussianProcessRegressor__32_682_1.py,651,6143
scikit_learn__sklearn__model_selection___search__BaseSearchCV__440_1243_3,scikit_learn__sklearn__model_selection___search__BaseSearchCV__440_1243_3.py,804,6382
pandas__pandas__core__arrays__interval__IntervalArray__116_1850_1,pandas__pandas__core__arrays__interval__IntervalArray__116_1850_1.py,1735,13319
pandas__pandas__io__pytables__HDFStore__497_2018_2,pandas__pandas__io__pytables__HDFStore__497_2018_2.py,1522,11470
scikit_learn__sklearn__compose___column_transformer__ColumnTransformer__67_1333_1,scikit_learn__sklearn__compose___column_transformer__ColumnTransformer__67_1333_1.py,1267,10255
scikit_learn__sklearn__ensemble___stacking__StackingClassifier__422_838_2,scikit_learn__sklearn__ensemble___stacking__StackingClassifier__422_838_2.py,417,3514
pandas__pandas__core__indexes__datetimelike__DatetimeIndexOpsMixin__85_552_1,pandas__pandas__core__indexes__datetimelike__DatetimeIndexOpsMixin__85_552_1.py,468,3530
matplotlib__lib__matplotlib__contour__ContourLabeler__59_505_1,matplotlib__lib__matplotlib__contour__ContourLabeler__59_505_1.py,447,4604
pandas__pandas__io__excel___base__BaseExcelReader__530_956_2,pandas__pandas__io__excel___base__BaseExcelReader__530_956_2.py,427,3147
pandas__pandas__core__indexes__datetimelike__DatetimeTimedeltaMixin__555_1153_2,pandas__pandas__core__indexes__datetimelike__DatetimeTimedeltaMixin__555_1153_2.py,599,4931
matplotlib__lib__matplotlib___mathtext__Parser__1807_2841_9,matplotlib__lib__matplotlib___mathtext__Parser__1807_2841_9.py,1035,10693
scikit_learn__sklearn__covariance___graph_lasso__GraphicalLassoCV__722_1152_5,scikit_learn__sklearn__covariance___graph_lasso__GraphicalLassoCV__722_1152_5.py,431,3685
django__django__db__models__fields__related__RelatedField__98_523_1,django__django__db__models__fields__related__RelatedField__98_523_1.py,426,3107
scikit_learn__sklearn__manifold___t_sne__TSNE__560_1177_4,scikit_learn__sklearn__manifold___t_sne__TSNE__560_1177_4.py,618,5659
matplotlib__lib__matplotlib__dviread__Dvi__219_628_1,matplotlib__lib__matplotlib__dviread__Dvi__219_628_1.py,410,4315
matplotlib__lib__matplotlib__axes___axes__hist__7196_7680_32,matplotlib__lib__matplotlib__axes___axes__hist__7196_7680_32.py,485,4719
pandas__pandas__core__strings__object_array__ObjectStringArrayMixin__35_526_1,pandas__pandas__core__strings__object_array__ObjectStringArrayMixin__35_526_1.py,492,3778
scikit_learn__sklearn__decomposition___incremental_pca__IncrementalPCA__19_423_1,scikit_learn__sklearn__decomposition___incremental_pca__IncrementalPCA__19_423_1.py,405,3572
django__django__dispatch__dispatcher__Signal__68_536_1,django__django__dispatch__dispatcher__Signal__68_536_1.py,469,3322
scikit_learn__sklearn__mixture___base__BaseMixture__49_614_1,scikit_learn__sklearn__mixture___base__BaseMixture__49_614_1.py,566,4213
scikit_learn__sklearn__linear_model___logistic__LogisticRegressionCV__1441_2320_4,scikit_learn__sklearn__linear_model___logistic__LogisticRegressionCV__1441_2320_4.py,880,8540
matplotlib__lib__matplotlib__image___ImageBase__233_824_1,matplotlib__lib__matplotlib__image___ImageBase__233_824_1.py,592,5486
django__django__db__backends__mysql__operations__DatabaseOperations__13_431_1,django__django__db__backends__mysql__operations__DatabaseOperations__13_431_1.py,419,3814
pandas__pandas__core__generic__NDFrame__208_12795_1,pandas__pandas__core__generic__NDFrame__208_12795_1.py,12588,105968
django__django__contrib__gis__geos__geometry__GEOSGeometryBase__23_695_1,django__django__contrib__gis__geos__geometry__GEOSGeometryBase__23_695_1.py,673,5189
pandas__pandas__core__frame__DataFrame__270_18686_1,pandas__pandas__core__frame__DataFrame__270_18686_1.py,18417,150756
scikit_learn__sklearn__neighbors___classification__KNeighborsClassifier__44_456_1,scikit_learn__sklearn__neighbors___classification__KNeighborsClassifier__44_456_1.py,413,3492
matplotlib__lib__matplotlib___layoutgrid__LayoutGrid__31_490_1,matplotlib__lib__matplotlib___layoutgrid__LayoutGrid__31_490_1.py,460,4413
matplotlib__tools__subset__getsubset__184_332_2,matplotlib__tools__subset__getsubset__184_332_2.py,149,3154
django__django__db__backends__base__operations__BaseDatabaseOperations__18_867_1,django__django__db__backends__base__operations__BaseDatabaseOperations__18_867_1.py,850,6609
scikit_learn__sklearn__ensemble___gb__BaseGradientBoosting__361_1142_2,scikit_learn__sklearn__ensemble___gb__BaseGradientBoosting__361_1142_2.py,782,6303
pandas__pandas__io__stata__StataWriter__2390_3133_9,pandas__pandas__io__stata__StataWriter__2390_3133_9.py,744,6351
matplotlib__lib__matplotlib__axes___axes__hexbin__5466_5866_25,matplotlib__lib__matplotlib__axes___axes__hexbin__5466_5866_25.py,401,4006
django__django__db__models__query__QuerySet__303_2267_1,django__django__db__models__query__QuerySet__303_2267_1.py,1965,15297
django__django__db__backends__sqlite3__operations__DatabaseOperations__29_411_1,django__django__db__backends__sqlite3__operations__DatabaseOperations__29_411_1.py,383,3090
scikit_learn__sklearn__ensemble___forest__BaseForest__183_702_1,scikit_learn__sklearn__ensemble___forest__BaseForest__183_702_1.py,520,4012
scikit_learn__sklearn__svm___classes__LinearSVC__44_364_1,scikit_learn__sklearn__svm___classes__LinearSVC__44_364_1.py,321,3028
pandas__pandas__core__arrays__arrow__array__ArrowExtensionArray__251_3409_1,pandas__pandas__core__arrays__arrow__array__ArrowExtensionArray__251_3409_1.py,3159,25720
matplotlib__lib__matplotlib__lines__Line2D__243_1476_2,matplotlib__lib__matplotlib__lines__Line2D__243_1476_2.py,1234,9363
matplotlib__lib__matplotlib__widgets__SpanSelector__2670_3088_11,matplotlib__lib__matplotlib__widgets__SpanSelector__2670_3088_11.py,419,3326
django__django__contrib__admin__sites__AdminSite__31_605_1,django__django__contrib__admin__sites__AdminSite__31_605_1.py,575,4270
scikit_learn__sklearn__linear_model___bayes__ARDRegression__466_824_2,scikit_learn__sklearn__linear_model___bayes__ARDRegression__466_824_2.py,359,3099
pandas__pandas__core__arrays__base__ExtensionArray__114_2896_1,pandas__pandas__core__arrays__base__ExtensionArray__114_2896_1.py,2783,20540
matplotlib__lib__matplotlib__axes___base___AxesBase__542_4875_3,matplotlib__lib__matplotlib__axes___base___AxesBase__542_4875_3.py,4334,36690
pandas__pandas__io__parsers__readers__read_csv__350_873_1,pandas__pandas__io__parsers__readers__read_csv__350_873_1.py,524,6085
matplotlib__lib__matplotlib__colors__Colormap__705_1076_5,matplotlib__lib__matplotlib__colors__Colormap__705_1076_5.py,372,3465
scikit_learn__sklearn__pipeline__Pipeline__92_1373_1,scikit_learn__sklearn__pipeline__Pipeline__92_1373_1.py,1282,10428
scikit_learn__sklearn__tree___classes__BaseDecisionTree__93_698_1,scikit_learn__sklearn__tree___classes__BaseDecisionTree__93_698_1.py,606,4733
django__django__contrib__admin__options__BaseModelAdmin__130_635_1,django__django__contrib__admin__options__BaseModelAdmin__130_635_1.py,506,3985
pandas__pandas__io__parsers__readers__read_table__917_1436_2,pandas__pandas__io__parsers__readers__read_table__917_1436_2.py,520,6100
scikit_learn__sklearn__preprocessing___target_encoder__TargetEncoder__32_649_1,scikit_learn__sklearn__preprocessing___target_encoder__TargetEncoder__32_649_1.py,618,5429
scikit_learn__sklearn__linear_model___coordinate_descent__LinearModelCV__1552_1980_7,scikit_learn__sklearn__linear_model___coordinate_descent__LinearModelCV__1552_1980_7.py,429,3584
pandas__pandas__plotting___core__PlotAccessor__773_2154_6,pandas__pandas__plotting___core__PlotAccessor__773_2154_6.py,1382,11431
django__django__forms__formsets__BaseFormSet__52_531_1,django__django__forms__formsets__BaseFormSet__52_531_1.py,480,3531
scikit_learn__sklearn__tree___classes__DecisionTreeClassifier__706_1110_2,scikit_learn__sklearn__tree___classes__DecisionTreeClassifier__706_1110_2.py,405,3751
matplotlib__lib__matplotlib__colors__BivarColormap__1675_2175_9,matplotlib__lib__matplotlib__colors__BivarColormap__1675_2175_9.py,501,4944
matplotlib__lib__mpl_toolkits__mplot3d__axes3d__Axes3D__44_4068_1,matplotlib__lib__mpl_toolkits__mplot3d__axes3d__Axes3D__44_4068_1.py,4025,37467
pandas__pandas__core__indexes__period__PeriodIndex__82_713_1,pandas__pandas__core__indexes__period__PeriodIndex__82_713_1.py,632,4586
django__django__db__models__constraints__UniqueConstraint__263_680_3,django__django__db__models__constraints__UniqueConstraint__263_680_3.py,418,3179
matplotlib__lib__matplotlib__backends__backend_ps__RendererPS__397_942_1,matplotlib__lib__matplotlib__backends__backend_ps__RendererPS__397_942_1.py,546,5019
scrapy__scrapy__core__http2__stream__Stream__86_500_1,scrapy__scrapy__core__http2__stream__Stream__86_500_1.py,415,3368
matplotlib__lib__matplotlib__contour__ContourSet__557_1279_2,matplotlib__lib__matplotlib__contour__ContourSet__557_1279_2.py,723,6526
matplotlib__lib__matplotlib__sankey__add__351_776_3,matplotlib__lib__matplotlib__sankey__add__351_776_3.py,426,4480
pandas__pandas__core__window__rolling__BaseWindow__116_657_1,pandas__pandas__core__window__rolling__BaseWindow__116_657_1.py,542,4180
pandas__pandas__core__window__rolling__Window__862_1518_3,pandas__pandas__core__window__rolling__Window__862_1518_3.py,657,5290
pandas__pandas__io__parsers__base_parser__ParserBase__86_760_1,pandas__pandas__io__parsers__base_parser__ParserBase__86_760_1.py,675,5193
scikit_learn__sklearn__preprocessing___data__StandardScaler__740_1170_4,scikit_learn__sklearn__preprocessing___data__StandardScaler__740_1170_4.py,431,3493
pandas__pandas__core__tools__datetimes__to_datetime__688_1081_2,pandas__pandas__core__tools__datetimes__to_datetime__688_1081_2.py,394,4477
matplotlib__lib__matplotlib__figure__FigureBase__118_2219_1,matplotlib__lib__matplotlib__figure__FigureBase__118_2219_1.py,2102,17802
matplotlib__lib__matplotlib__patches__Patch__35_759_1,matplotlib__lib__matplotlib__patches__Patch__35_759_1.py,725,5360
django__django__core__management__commands__makemessages__Command__199_778_2,django__django__core__management__commands__makemessages__Command__199_778_2.py,580,4566
matplotlib__lib__matplotlib__backends__registry__BackendRegistry__15_410_1,matplotlib__lib__matplotlib__backends__registry__BackendRegistry__15_410_1.py,396,3175
pandas__pandas__core__arrays__numpy___NumpyExtensionArray__61_652_1,pandas__pandas__core__arrays__numpy___NumpyExtensionArray__61_652_1.py,592,4434
django__django__contrib__gis__gdal__geometries__OGRGeometry__65_589_1,django__django__contrib__gis__gdal__geometries__OGRGeometry__65_589_1.py,525,4215
scikit_learn__sklearn__cluster___kmeans__KMeans__1192_1560_7,scikit_learn__sklearn__cluster___kmeans__KMeans__1192_1560_7.py,369,3171
scrapy__scrapy__core__scraper__Scraper__103_549_1,scrapy__scrapy__core__scraper__Scraper__103_549_1.py,447,3702
scikit_learn__sklearn__preprocessing___polynomial__SplineTransformer__585_1255_2,scikit_learn__sklearn__preprocessing___polynomial__SplineTransformer__585_1255_2.py,671,6327
scikit_learn__sklearn__model_selection___plot__ValidationCurveDisplay__511_885_3,scikit_learn__sklearn__model_selection___plot__ValidationCurveDisplay__511_885_3.py,375,3168
matplotlib__lib__matplotlib__sankey__Sankey__30_814_1,matplotlib__lib__matplotlib__sankey__Sankey__30_814_1.py,785,7879
pandas__pandas__core__window__ewm__ExponentialMovingWindow__127_980_1,pandas__pandas__core__window__ewm__ExponentialMovingWindow__127_980_1.py,854,6961
pandas__pandas__core__window__rolling__RollingAndExpandingMixin__1521_1959_4,pandas__pandas__core__window__rolling__RollingAndExpandingMixin__1521_1959_4.py,439,3268
scikit_learn__sklearn__feature_selection___from_model__SelectFromModel__95_519_1,scikit_learn__sklearn__feature_selection___from_model__SelectFromModel__95_519_1.py,425,3483
matplotlib__lib__matplotlib__backends__backend_pdf__PdfFile__660_1969_3,matplotlib__lib__matplotlib__backends__backend_pdf__PdfFile__660_1969_3.py,1310,11761
scikit_learn__sklearn__linear_model___stochastic_gradient__SGDRegressor__1802_2122_6,scikit_learn__sklearn__linear_model___stochastic_gradient__SGDRegressor__1802_2122_6.py,321,3188
scikit_learn__sklearn__ensemble___forest__RandomTreesEmbedding__2718_3086_8,scikit_learn__sklearn__ensemble___forest__RandomTreesEmbedding__2718_3086_8.py,369,3234
matplotlib__lib__matplotlib__transforms__BboxBase__207_686_2,matplotlib__lib__matplotlib__transforms__BboxBase__207_686_2.py,480,4132
scikit_learn__sklearn__linear_model___glm__glm___GeneralizedLinearRegressor__35_464_1,scikit_learn__sklearn__linear_model___glm__glm___GeneralizedLinearRegressor__35_464_1.py,430,3748
pandas__pandas__core__arrays___arrow_string_mixins__ArrowStringArrayMixin__31_426_1,pandas__pandas__core__arrays___arrow_string_mixins__ArrowStringArrayMixin__31_426_1.py,396,3382
django__django__core__management__commands__makemigrations__Command__26_518_1,django__django__core__management__commands__makemigrations__Command__26_518_1.py,493,3818
django__django__db__backends__base__schema___alter_field__950_1319_5,django__django__db__backends__base__schema___alter_field__950_1319_5.py,370,3096
scikit_learn__sklearn__model_selection___search_successive_halving__HalvingGridSearchCV__381_726_2,scikit_learn__sklearn__model_selection___search_successive_halving__HalvingGridSearchCV__381_726_2.py,346,3211
pandas__pandas__io__parsers__python_parser__PythonParser__96_1374_1,pandas__pandas__io__parsers__python_parser__PythonParser__96_1374_1.py,1279,9407
pandas__pandas__core__groupby__ops__BaseGrouper__584_1076_2,pandas__pandas__core__groupby__ops__BaseGrouper__584_1076_2.py,493,3890
scikit_learn__sklearn__linear_model___logistic__fit__1828_2229_6,scikit_learn__sklearn__linear_model___logistic__fit__1828_2229_6.py,402,3804
scrapy__scrapy__core__scheduler__Scheduler__130_530_1,scrapy__scrapy__core__scheduler__Scheduler__130_530_1.py,401,3572
pandas__pandas__io__json___json__read_json__535_853_3,pandas__pandas__io__json___json__read_json__535_853_3.py,319,3367
pandas__pandas__io__pytables__Table__3506_4504_9,pandas__pandas__io__pytables__Table__3506_4504_9.py,999,7513
scikit_learn__sklearn__externals__array_api_extra___lib___at__at__61_463_1,scikit_learn__sklearn__externals__array_api_extra___lib___at__at__61_463_1.py,403,3620
pandas__pandas__core__indexes__range__RangeIndex__78_1584_1,pandas__pandas__core__indexes__range__RangeIndex__78_1584_1.py,1507,12010
pandas__pandas__core__groupby__grouper__Grouper__71_410_1,pandas__pandas__core__groupby__grouper__Grouper__71_410_1.py,340,3338
django__django__db__backends__base__base__BaseDatabaseWrapper__30_789_1,django__django__db__backends__base__base__BaseDatabaseWrapper__30_789_1.py,760,5446
pandas__pandas__core__groupby__generic__DataFrameGroupBy__2073_3912_2,pandas__pandas__core__groupby__generic__DataFrameGroupBy__2073_3912_2.py,1840,15087
matplotlib__lib__matplotlib__figure__Figure__2431_3664_3,matplotlib__lib__matplotlib__figure__Figure__2431_3664_3.py,1234,10201
scikit_learn__sklearn__utils__validation__check_array__725_1145_2,scikit_learn__sklearn__utils__validation__check_array__725_1145_2.py,421,3780
django__django__core__management__commands__migrate__Command__17_509_1,django__django__core__management__commands__migrate__Command__17_509_1.py,493,3793
scikit_learn__sklearn__externals___scipy__sparse__csgraph___laplacian__laplacian__20_369_1,scikit_learn__sklearn__externals___scipy__sparse__csgraph___laplacian__laplacian__20_369_1.py,350,3574
matplotlib__lib__matplotlib__tri___triinterpolate__CubicTriInterpolator__286_573_2,matplotlib__lib__matplotlib__tri___triinterpolate__CubicTriInterpolator__286_573_2.py,288,3087
scikit_learn__sklearn__linear_model___logistic__LogisticRegression__813_1438_3,scikit_learn__sklearn__linear_model___logistic__LogisticRegression__813_1438_3.py,626,5719
django__django__db__backends__sqlite3__schema__DatabaseSchemaEditor__12_503_1,django__django__db__backends__sqlite3__schema__DatabaseSchemaEditor__12_503_1.py,492,3966
scikit_learn__sklearn__ensemble___hist_gradient_boosting__gradient_boosting__HistGradientBoostingClassifier__1875_2373_3,scikit_learn__sklearn__ensemble___hist_gradient_boosting__gradient_boosting__HistGradientBoostingClassifier__1875_2373_3.py,499,4618
pandas__pandas__core__indexes__interval__IntervalIndex__159_1253_1,pandas__pandas__core__indexes__interval__IntervalIndex__159_1253_1.py,1095,8491
scikit_learn__sklearn__feature_extraction___dict_vectorizer__DictVectorizer__17_457_1,scikit_learn__sklearn__feature_extraction___dict_vectorizer__DictVectorizer__17_457_1.py,441,3253
scikit_learn__sklearn__ensemble___weight_boosting__AdaBoostClassifier__321_820_2,scikit_learn__sklearn__ensemble___weight_boosting__AdaBoostClassifier__321_820_2.py,500,3976
scikit_learn__sklearn__dummy__DummyClassifier__34_458_1,scikit_learn__sklearn__dummy__DummyClassifier__34_458_1.py,425,3248
scikit_learn__sklearn__preprocessing___encoders__OneHotEncoder__473_1259_2,scikit_learn__sklearn__preprocessing___encoders__OneHotEncoder__473_1259_2.py,787,6971
scikit_learn__sklearn__linear_model___ransac__RANSACRegressor__81_726_1,scikit_learn__sklearn__linear_model___ransac__RANSACRegressor__81_726_1.py,646,5127
matplotlib__lib__matplotlib__axis__Axis__573_2358_2,matplotlib__lib__matplotlib__axis__Axis__573_2358_2.py,1786,14558
pandas__pandas__core__groupby__groupby__BaseGroupBy__192_739_1,pandas__pandas__core__groupby__groupby__BaseGroupBy__192_739_1.py,548,4573
scikit_learn__sklearn__inspection___plot__partial_dependence__PartialDependenceDisplay__22_1490_1,scikit_learn__sklearn__inspection___plot__partial_dependence__PartialDependenceDisplay__22_1490_1.py,1469,12896
matplotlib__lib__matplotlib___type1font__Type1Font__326_1000_2,matplotlib__lib__matplotlib___type1font__Type1Font__326_1000_2.py,675,5779
pandas__pandas__core__dtypes__dtypes__CategoricalDtype__164_714_1,pandas__pandas__core__dtypes__dtypes__CategoricalDtype__164_714_1.py,551,4257
django__django__core__management__commands__inspectdb__Command__10_421_1,django__django__core__management__commands__inspectdb__Command__10_421_1.py,412,3121
scikit_learn__sklearn__decomposition___pca__PCA__113_852_1,scikit_learn__sklearn__decomposition___pca__PCA__113_852_1.py,740,7185
django__django__contrib__admin__views__main__ChangeList__67_558_1,django__django__contrib__admin__views__main__ChangeList__67_558_1.py,492,3971
scikit_learn__sklearn__ensemble___hist_gradient_boosting__gradient_boosting__fit__513_1071_5,scikit_learn__sklearn__ensemble___hist_gradient_boosting__gradient_boosting__fit__513_1071_5.py,559,4573
scikit_learn__sklearn__decomposition___factor_analysis__FactorAnalysis__39_435_1,scikit_learn__sklearn__decomposition___factor_analysis__FactorAnalysis__39_435_1.py,397,3045
django__django__contrib__gis__utils__layermapping__LayerMapping__59_737_1,django__django__contrib__gis__utils__layermapping__LayerMapping__59_737_1.py,679,5348
scikit_learn__sklearn__inspection___plot__decision_boundary__DecisionBoundaryDisplay__57_635_1,scikit_learn__sklearn__inspection___plot__decision_boundary__DecisionBoundaryDisplay__57_635_1.py,579,5014
scikit_learn__sklearn__ensemble___gb__GradientBoostingRegressor__1756_2213_4,scikit_learn__sklearn__ensemble___gb__GradientBoostingRegressor__1756_2213_4.py,458,4342
matplotlib__lib__matplotlib__font_manager__FontProperties__592_967_2,matplotlib__lib__matplotlib__font_manager__FontProperties__592_967_2.py,376,3073
pandas__pandas__core__resample__TimeGrouper__2399_2857_5,pandas__pandas__core__resample__TimeGrouper__2399_2857_5.py,459,3870
pandas__pandas__io__formats__style__to_latex__728_1288_6,pandas__pandas__io__formats__style__to_latex__728_1288_6.py,561,6548
scikit_learn__sklearn__preprocessing___encoders__OrdinalEncoder__1262_1699_3,scikit_learn__sklearn__preprocessing___encoders__OrdinalEncoder__1262_1699_3.py,438,3650
pandas__pandas__core__series__Series__211_9923_1,pandas__pandas__core__series__Series__211_9923_1.py,9713,73733
scikit_learn__sklearn__decomposition___fastica__FastICA__372_809_2,scikit_learn__sklearn__decomposition___fastica__FastICA__372_809_2.py,438,3501
pandas__pandas__io__excel___base__ExcelWriter__960_1408_3,pandas__pandas__io__excel___base__ExcelWriter__960_1408_3.py,449,3968
matplotlib__lib__matplotlib__projections__polar__PolarAxes__768_1499_4,matplotlib__lib__matplotlib__projections__polar__PolarAxes__768_1499_4.py,732,6111
matplotlib__lib__matplotlib__backend_bases__RendererBase__134_692_1,matplotlib__lib__matplotlib__backend_bases__RendererBase__134_692_1.py,559,4583
scikit_learn__sklearn__ensemble___forest__RandomForestClassifier__1175_1575_4,scikit_learn__sklearn__ensemble___forest__RandomForestClassifier__1175_1575_4.py,401,3824
matplotlib__lib__matplotlib__table__Table__239_654_2,matplotlib__lib__matplotlib__table__Table__239_654_2.py,416,3160
scikit_learn__sklearn__gaussian_process___gpc__GaussianProcessClassifier__516_973_2,scikit_learn__sklearn__gaussian_process___gpc__GaussianProcessClassifier__516_973_2.py,458,3895
matplotlib__lib__matplotlib__texmanager__TexManager__55_374_1,matplotlib__lib__matplotlib__texmanager__TexManager__55_374_1.py,320,3272
pandas__pandas__io__xml__read_xml__852_1167_5,pandas__pandas__io__xml__read_xml__852_1167_5.py,316,3227
matplotlib__lib__matplotlib__backend_bases__NavigationToolbar2__2915_3427_8,matplotlib__lib__matplotlib__backend_bases__NavigationToolbar2__2915_3427_8.py,513,4229
django__django__db__backends__base__schema__BaseDatabaseSchemaEditor__78_2086_1,django__django__db__backends__base__schema__BaseDatabaseSchemaEditor__78_2086_1.py,2009,16007
django__django__db__models__fields__related__ForeignObject__526_954_2,django__django__db__models__fields__related__ForeignObject__526_954_2.py,429,3035
pandas__pandas__core__groupby__generic__SeriesGroupBy__187_2069_1,pandas__pandas__core__groupby__generic__SeriesGroupBy__187_2069_1.py,1883,15105
pandas__pandas__core__arrays__datetimelike__TimelikeOps__1841_2630_2,pandas__pandas__core__arrays__datetimelike__TimelikeOps__1841_2630_2.py,790,6875
matplotlib__lib__matplotlib__backend_bases__FigureCanvasBase__1703_2466_5,matplotlib__lib__matplotlib__backend_bases__FigureCanvasBase__1703_2466_5.py,764,6187
scikit_learn__sklearn__linear_model___coordinate_descent__ElasticNet__769_1209_4,scikit_learn__sklearn__linear_model___coordinate_descent__ElasticNet__769_1209_4.py,441,3790
scikit_learn__sklearn__ensemble___forest__ExtraTreesClassifier__1964_2350_6,scikit_learn__sklearn__ensemble___forest__ExtraTreesClassifier__1964_2350_6.py,387,3609
pandas__pandas__core__arrays__masked__BaseMaskedArray__122_1980_1,pandas__pandas__core__arrays__masked__BaseMaskedArray__122_1980_1.py,1859,14573
pandas__pandas__core__groupby__groupby__GroupBy__746_5909_2,pandas__pandas__core__groupby__groupby__GroupBy__746_5909_2.py,5164,41538
scikit_learn__sklearn__linear_model___stochastic_gradient__SGDClassifier__958_1427_4,scikit_learn__sklearn__linear_model___stochastic_gradient__SGDClassifier__958_1427_4.py,470,4508
matplotlib__lib__matplotlib__patches__ArrowStyle__3269_3986_14,matplotlib__lib__matplotlib__patches__ArrowStyle__3269_3986_14.py,718,6617
scikit_learn__sklearn__preprocessing___function_transformer__FunctionTransformer__29_440_1,scikit_learn__sklearn__preprocessing___function_transformer__FunctionTransformer__29_440_1.py,412,3351
pandas__pandas__core__resample__Resampler__118_1991_1,pandas__pandas__core__resample__Resampler__118_1991_1.py,1874,15551
scikit_learn__sklearn__manifold___mds__MDS__440_836_3,scikit_learn__sklearn__manifold___mds__MDS__440_836_3.py,397,3353
pandas__pandas__core__interchange__column__PandasColumn__74_479_1,pandas__pandas__core__interchange__column__PandasColumn__74_479_1.py,406,3385
scikit_learn__sklearn__model_selection___classification_threshold__TunedThresholdClassifierCV__498_883_3,scikit_learn__sklearn__model_selection___classification_threshold__TunedThresholdClassifierCV__498_883_3.py,386,3343
pandas__pandas__core__internals__managers__BaseBlockManager__143_1074_1,pandas__pandas__core__internals__managers__BaseBlockManager__143_1074_1.py,932,6963
scikit_learn__sklearn__model_selection___plot__LearningCurveDisplay__126_508_2,scikit_learn__sklearn__model_selection___plot__LearningCurveDisplay__126_508_2.py,383,3297
pandas__pandas__core__reshape__reshape___Unstacker__74_456_1,pandas__pandas__core__reshape__reshape___Unstacker__74_456_1.py,383,3265
scikit_learn__sklearn__ensemble___bagging__BaggingClassifier__685_1194_2,scikit_learn__sklearn__ensemble___bagging__BaggingClassifier__685_1194_2.py,510,4025
pandas__pandas__core__arrays__string_arrow__ArrowStringArray__85_592_1,pandas__pandas__core__arrays__string_arrow__ArrowStringArray__85_592_1.py,508,4412
django__django__db__models__fields__related__ManyToManyField__1454_2163_4,django__django__db__models__fields__related__ManyToManyField__1454_2163_4.py,710,5460
django__django__contrib__sessions__backends__base__SessionBase__35_528_1,django__django__contrib__sessions__backends__base__SessionBase__35_528_1.py,494,3327
scikit_learn__sklearn__cluster___optics__OPTICS__33_394_1,scikit_learn__sklearn__cluster___optics__OPTICS__33_394_1.py,362,3450
pandas__pandas__core__window__rolling__Rolling__1963_3451_5,pandas__pandas__core__window__rolling__Rolling__1963_3451_5.py,1489,11513
matplotlib__lib__mpl_toolkits__axisartist__axis_artist__AxisArtist__656_1117_4,matplotlib__lib__mpl_toolkits__axisartist__axis_artist__AxisArtist__656_1117_4.py,462,3493
scikit_learn__sklearn__cluster___kmeans__MiniBatchKMeans__1684_2324_9,scikit_learn__sklearn__cluster___kmeans__MiniBatchKMeans__1684_2324_9.py,641,5358
scikit_learn__sklearn__linear_model___glm___newton_solver__NewtonSolver__22_449_1,scikit_learn__sklearn__linear_model___glm___newton_solver__NewtonSolver__22_449_1.py,428,3537
pandas__pandas__core__apply__Apply__226_806_2,pandas__pandas__core__apply__Apply__226_806_2.py,581,4104
scikit_learn__sklearn__pipeline__FeatureUnion__1525_2113_2,scikit_learn__sklearn__pipeline__FeatureUnion__1525_2113_2.py,589,4530
scikit_learn__sklearn__svm___base__BaseLibSVM__77_717_1,scikit_learn__sklearn__svm___base__BaseLibSVM__77_717_1.py,641,4864
scikit_learn__sklearn__ensemble___hist_gradient_boosting__gradient_boosting__BaseHistGradientBoosting__143_1469_1,scikit_learn__sklearn__ensemble___hist_gradient_boosting__gradient_boosting__BaseHistGradientBoosting__143_1469_1.py,1327,10576
scikit_learn__sklearn__neighbors___lof__LocalOutlierFactor__19_521_1,scikit_learn__sklearn__neighbors___lof__LocalOutlierFactor__19_521_1.py,503,4359
pandas__pandas__core__internals__blocks__Block__138_1606_1,pandas__pandas__core__internals__blocks__Block__138_1606_1.py,1469,10923
scikit_learn__sklearn__datasets___openml__fetch_openml__778_1164_4,scikit_learn__sklearn__datasets___openml__fetch_openml__778_1164_4.py,387,3624
scikit_learn__sklearn__decomposition___lda__LatentDirichletAllocation__160_956_2,scikit_learn__sklearn__decomposition___lda__LatentDirichletAllocation__160_956_2.py,797,6354
pandas__pandas__core__indexes__datetimes__DatetimeIndex__142_1259_1,pandas__pandas__core__indexes__datetimes__DatetimeIndex__142_1259_1.py,1118,9536
scikit_learn__sklearn__decomposition___nmf__NMF__1317_1755_9,scikit_learn__sklearn__decomposition___nmf__NMF__1317_1755_9.py,439,3781
django__django__contrib__admin__checks__ModelAdminChecks__828_1262_3,django__django__contrib__admin__checks__ModelAdminChecks__828_1262_3.py,435,3151
matplotlib__lib__mpl_toolkits__mplot3d__axis3d__Axis__38_728_1,matplotlib__lib__mpl_toolkits__mplot3d__axis3d__Axis__38_728_1.py,691,6781
scikit_learn__sklearn__preprocessing___encoders___BaseEncoder__32_470_1,scikit_learn__sklearn__preprocessing___encoders___BaseEncoder__32_470_1.py,439,3509
scikit_learn__sklearn__decomposition___nmf__MiniBatchNMF__1758_2401_10,scikit_learn__sklearn__decomposition___nmf__MiniBatchNMF__1758_2401_10.py,644,5762
pandas__pandas__core__arrays__categorical__Categorical__250_2854_1,pandas__pandas__core__arrays__categorical__Categorical__250_2854_1.py,2605,19337
scikit_learn__sklearn__impute___base__SimpleImputer__170_778_1,scikit_learn__sklearn__impute___base__SimpleImputer__170_778_1.py,609,5067
pandas__pandas__io__json___normalize__json_normalize__302_648_1,pandas__pandas__io__json___normalize__json_normalize__302_648_1.py,347,3068
scikit_learn__sklearn__mixture___bayesian_mixture__BayesianGaussianMixture__74_891_1,scikit_learn__sklearn__mixture___bayesian_mixture__BayesianGaussianMixture__74_891_1.py,818,7114
pandas__pandas__core__arrays__period__PeriodArray__121_1181_1,pandas__pandas__core__arrays__period__PeriodArray__121_1181_1.py,1061,8631
matplotlib__lib__matplotlib__colors__LightSource__3790_4217_19,matplotlib__lib__matplotlib__colors__LightSource__3790_4217_19.py,428,4396
scikit_learn__sklearn__linear_model___least_angle___lars_path_solver__411_913_3,scikit_learn__sklearn__linear_model___least_angle___lars_path_solver__411_913_3.py,503,4507
django__django__db__backends__postgresql__operations__DatabaseOperations__27_405_1,django__django__db__backends__postgresql__operations__DatabaseOperations__27_405_1.py,379,3242
matplotlib__lib__matplotlib__legend__Legend__353_1248_1,matplotlib__lib__matplotlib__legend__Legend__353_1248_1.py,896,7454
scikit_learn__sklearn__linear_model___ridge___RidgeGCV__1751_2425_7,scikit_learn__sklearn__linear_model___ridge___RidgeGCV__1751_2425_7.py,675,6292
matplotlib__lib__matplotlib__widgets__RectangleSelector__3363_3867_13,matplotlib__lib__matplotlib__widgets__RectangleSelector__3363_3867_13.py,505,4619
scikit_learn__sklearn__linear_model___logistic___logistic_regression_path__99_556_1,scikit_learn__sklearn__linear_model___logistic___logistic_regression_path__99_556_1.py,458,4095
pandas__pandas__io__stata__StataWriter117__3381_3759_11,pandas__pandas__io__stata__StataWriter117__3381_3759_11.py,379,3482
pandas__pandas__core__arrays___mixins__NDArrayBackedExtensionArray__92_631_1,pandas__pandas__core__arrays___mixins__NDArrayBackedExtensionArray__92_631_1.py,540,3992
pandas__pandas__io__excel___base__ExcelFile__1490_1875_4,pandas__pandas__io__excel___base__ExcelFile__1490_1875_4.py,386,3666
scikit_learn__sklearn__preprocessing___data__QuantileTransformer__2650_3075_13,scikit_learn__sklearn__preprocessing___data__QuantileTransformer__2650_3075_13.py,426,3624
django__django__db__models__sql__query__Query__231_2775_1,django__django__db__models__sql__query__Query__231_2775_1.py,2545,21749
scikit_learn__sklearn__neural_network___rbm__BernoulliRBM__25_445_1,scikit_learn__sklearn__neural_network___rbm__BernoulliRBM__25_445_1.py,421,3338
matplotlib__lib__matplotlib__backends__backend_wx___FigureCanvasWxBase__393_862_3,matplotlib__lib__matplotlib__backends__backend_wx___FigureCanvasWxBase__393_862_3.py,470,4420
scikit_learn__sklearn__linear_model___stochastic_gradient__SGDOneClassSVM__2125_2680_7,scikit_learn__sklearn__linear_model___stochastic_gradient__SGDOneClassSVM__2125_2680_7.py,556,4169
matplotlib__lib__matplotlib__markers__MarkerStyle__150_907_1,matplotlib__lib__matplotlib__markers__MarkerStyle__150_907_1.py,758,7311
pandas__pandas__io__excel___base__read_excel__165_524_1,pandas__pandas__io__excel___base__read_excel__165_524_1.py,360,3902
matplotlib__lib__matplotlib__collections__Collection__36_1074_1,matplotlib__lib__matplotlib__collections__Collection__36_1074_1.py,1039,9004
pandas__pandas__core__indexing__IndexingMixin__158_754_1,pandas__pandas__core__indexing__IndexingMixin__158_754_1.py,597,4834
django__django__contrib__staticfiles__storage__HashedFilesMixin__47_456_1,django__django__contrib__staticfiles__storage__HashedFilesMixin__47_456_1.py,410,3295
django__django__db__models__fields__related_descriptors__create_forward_many_to_many_manager__1051_1679_4,django__django__db__models__fields__related_descriptors__create_forward_many_to_many_manager__1051_1679_4.py,629,4873
django__django__db__backends__postgresql__base__DatabaseWrapper__98_556_1,django__django__db__backends__postgresql__base__DatabaseWrapper__98_556_1.py,459,3743
pandas__pandas__core__reshape__merge__merge_asof__659_936_3,pandas__pandas__core__reshape__merge__merge_asof__659_936_3.py,278,3345
pandas__pandas__core__generic__resample__9065_9443_36,pandas__pandas__core__generic__resample__9065_9443_36.py,379,4485
scikit_learn__sklearn__ensemble___iforest__IsolationForest__55_645_1,scikit_learn__sklearn__ensemble___iforest__IsolationForest__55_645_1.py,591,4761
pandas__pandas__core__arrays__timedeltas__TimedeltaArray__112_1101_1,pandas__pandas__core__arrays__timedeltas__TimedeltaArray__112_1101_1.py,990,8016
scikit_learn__sklearn__cluster___spectral__SpectralClustering__379_805_3,scikit_learn__sklearn__cluster___spectral__SpectralClustering__379_805_3.py,427,3884
matplotlib__lib__matplotlib__axes___axes__bar__2310_2650_12,matplotlib__lib__matplotlib__axes___axes__bar__2310_2650_12.py,341,3184
matplotlib__lib__matplotlib__spines__Spine__14_501_1,matplotlib__lib__matplotlib__spines__Spine__14_501_1.py,488,4117
scikit_learn__sklearn__gaussian_process___gpc___BinaryGaussianProcessClassifierLaplace__36_513_1,scikit_learn__sklearn__gaussian_process___gpc___BinaryGaussianProcessClassifierLaplace__36_513_1.py,478,4350
pandas__pandas__core__window__expanding__Expanding__43_1389_1,pandas__pandas__core__window__expanding__Expanding__43_1389_1.py,1347,10389
pandas__pandas__io__sas__sas7bdat__SAS7BDATReader__120_738_1,pandas__pandas__io__sas__sas7bdat__SAS7BDATReader__120_738_1.py,619,5313
pandas__pandas__core__arrays__datetimes__DatetimeArray__176_2485_1,pandas__pandas__core__arrays__datetimes__DatetimeArray__176_2485_1.py,2310,19943
django__django__db__models__options__Options__90_1052_1,django__django__db__models__options__Options__90_1052_1.py,963,7302
matplotlib__lib__matplotlib__patches__FancyArrowPatch__4236_4615_16,matplotlib__lib__matplotlib__patches__FancyArrowPatch__4236_4615_16.py,380,3007
scikit_learn__sklearn__inspection___partial_dependence__partial_dependence__371_779_3,scikit_learn__sklearn__inspection___partial_dependence__partial_dependence__371_779_3.py,409,3715
pandas__pandas__io__sql__SQLTable__924_1453_5,pandas__pandas__io__sql__SQLTable__924_1453_5.py,530,3847
pandas__pandas__core__construction__array__78_426_1,pandas__pandas__core__construction__array__78_426_1.py,349,3217
django__django__db__backends__oracle__creation__DatabaseCreation__12_471_1,django__django__db__backends__oracle__creation__DatabaseCreation__12_471_1.py,460,4003
scikit_learn__sklearn___loss__loss__BaseLoss__78_534_1,scikit_learn__sklearn___loss__loss__BaseLoss__78_534_1.py,457,3588
pandas__pandas__core__generic__replace__7394_7869_30,pandas__pandas__core__generic__replace__7394_7869_30.py,476,4279
scikit_learn__sklearn__linear_model___stochastic_gradient__BaseSGDClassifier__522_955_3,scikit_learn__sklearn__linear_model___stochastic_gradient__BaseSGDClassifier__522_955_3.py,434,3068
django__django__contrib__admin__options__ModelAdmin__638_2390_2,django__django__contrib__admin__options__ModelAdmin__638_2390_2.py,1753,13297
django__django__apps__registry__Apps__13_435_1,django__django__apps__registry__Apps__13_435_1.py,423,3380
scikit_learn__sklearn__naive_bayes__GaussianNB__163_550_2,scikit_learn__sklearn__naive_bayes__GaussianNB__163_550_2.py,388,3345
scikit_learn__sklearn__metrics___plot__precision_recall_curve__PrecisionRecallDisplay__22_926_1,scikit_learn__sklearn__metrics___plot__precision_recall_curve__PrecisionRecallDisplay__22_926_1.py,905,7016
scikit_learn__sklearn__neighbors___nca__NeighborhoodComponentsAnalysis__34_534_1,scikit_learn__sklearn__neighbors___nca__NeighborhoodComponentsAnalysis__34_534_1.py,501,4070
matplotlib__lib__matplotlib__ticker__ScalarFormatter__397_845_1,matplotlib__lib__matplotlib__ticker__ScalarFormatter__397_845_1.py,449,4059
scikit_learn__sklearn__decomposition___dict_learning__MiniBatchDictionaryLearning__1760_2341_9,scikit_learn__sklearn__decomposition___dict_learning__MiniBatchDictionaryLearning__1760_2341_9.py,582,4652
pandas__pandas__io__formats__style__Styler__82_4159_1,pandas__pandas__io__formats__style__Styler__82_4159_1.py,4078,37866
scikit_learn__sklearn__metrics___plot__roc_curve__RocCurveDisplay__19_793_1,scikit_learn__sklearn__metrics___plot__roc_curve__RocCurveDisplay__19_793_1.py,775,5952
scikit_learn__sklearn__cluster___hdbscan__hdbscan__HDBSCAN__423_1020_3,scikit_learn__sklearn__cluster___hdbscan__hdbscan__HDBSCAN__423_1020_3.py,598,5574
requests__src__requests__adapters__HTTPAdapter__145_698_1,requests__src__requests__adapters__HTTPAdapter__145_698_1.py,554,4508
matplotlib__lib__matplotlib__transforms__Transform__1320_1734_5,matplotlib__lib__matplotlib__transforms__Transform__1320_1734_5.py,415,3350
pandas__pandas__core__reshape__merge___MergeOperation__940_2042_4,pandas__pandas__core__reshape__merge___MergeOperation__940_2042_4.py,1103,9204
matplotlib__lib__matplotlib__text__Annotation__1743_2144_3,matplotlib__lib__matplotlib__text__Annotation__1743_2144_3.py,402,3449
django__django__db__models__fields__related_descriptors__ManyRelatedManager__1059_1677_6,django__django__db__models__fields__related_descriptors__ManyRelatedManager__1059_1677_6.py,619,4805
requests__src__requests__sessions__Session__357_819_2,requests__src__requests__sessions__Session__357_819_2.py,463,3629
matplotlib__lib__matplotlib__backends__backend_pdf__RendererPdf__1972_2508_4,matplotlib__lib__matplotlib__backends__backend_pdf__RendererPdf__1972_2508_4.py,537,5394
pandas__pandas__core__indexes__base__Index__314_7757_1,pandas__pandas__core__indexes__base__Index__314_7757_1.py,7444,56875
scikit_learn__sklearn__ensemble___gb__GradientBoostingClassifier__1145_1753_3,scikit_learn__sklearn__ensemble___gb__GradientBoostingClassifier__1145_1753_3.py,609,5521
django__django__http__request__HttpRequest__53_504_1,django__django__http__request__HttpRequest__53_504_1.py,452,3400
django__django__db__models__base__Model__501_2512_2,django__django__db__models__base__Model__501_2512_2.py,2012,14952
pandas__pandas__io__parsers__readers__TextFileReader__1593_2023_4,pandas__pandas__io__parsers__readers__TextFileReader__1593_2023_4.py,431,3163
scikit_learn__sklearn__model_selection___search__RandomizedSearchCV__1616_2008_5,scikit_learn__sklearn__model_selection___search__RandomizedSearchCV__1616_2008_5.py,393,3832
django__django__db__backends__oracle__operations__DatabaseOperations__26_726_1,django__django__db__backends__oracle__operations__DatabaseOperations__26_726_1.py,701,6053
scikit_learn__sklearn__multiclass__OneVsRestClassifier__202_636_1,scikit_learn__sklearn__multiclass__OneVsRestClassifier__202_636_1.py,435,3574
scikit_learn__sklearn__decomposition___kernel_pca__KernelPCA__32_579_1,scikit_learn__sklearn__decomposition___kernel_pca__KernelPCA__32_579_1.py,548,5058
scikit_learn__sklearn__feature_extraction__text__TfidfVectorizer__1744_2136_5,scikit_learn__sklearn__feature_extraction__text__TfidfVectorizer__1744_2136_5.py,393,3238
pandas__pandas__core__indexing___LocIndexer__1273_1963_3,pandas__pandas__core__indexing___LocIndexer__1273_1963_3.py,691,5269
scikit_learn__sklearn__metrics___plot__confusion_matrix__ConfusionMatrixDisplay__15_499_1,scikit_learn__sklearn__metrics___plot__confusion_matrix__ConfusionMatrixDisplay__15_499_1.py,485,3531
pandas__pandas__core__dtypes__dtypes__SparseDtype__1718_2154_7,pandas__pandas__core__dtypes__dtypes__SparseDtype__1718_2154_7.py,437,3152
matplotlib__lib__matplotlib__backends__backend_pgf__RendererPgf__366_746_2,matplotlib__lib__matplotlib__backends__backend_pgf__RendererPgf__366_746_2.py,381,4169
pandas__pandas__core__computation__expr__BaseExprVisitor__348_756_1,pandas__pandas__core__computation__expr__BaseExprVisitor__348_756_1.py,409,3261
pandas__pandas__core__arrays__sparse__array__SparseArray__293_1915_2,pandas__pandas__core__arrays__sparse__array__SparseArray__293_1915_2.py,1623,12688
django__django__contrib__gis__gdal__raster__source__GDALRaster__70_543_1,django__django__contrib__gis__gdal__raster__source__GDALRaster__70_543_1.py,474,3630
matplotlib__lib__matplotlib__backends__backend_svg__RendererSVG__293_1306_2,matplotlib__lib__matplotlib__backends__backend_svg__RendererSVG__293_1306_2.py,1014,8834
django__django__core__management__base__BaseCommand__193_625_1,django__django__core__management__base__BaseCommand__193_625_1.py,433,3227
pandas__pandas__core__indexes__multi__MultiIndex__198_4670_1,pandas__pandas__core__indexes__multi__MultiIndex__198_4670_1.py,4473,34262
django__django__db__models__fields____init____Field__119_1155_1,django__django__db__models__fields____init____Field__119_1155_1.py,1037,7536
scikit_learn__sklearn__neural_network___multilayer_perceptron__MLPRegressor__1386_1801_3,scikit_learn__sklearn__neural_network___multilayer_perceptron__MLPRegressor__1386_1801_3.py,416,3557
scikit_learn__sklearn__linear_model___linear_loss__LinearModelLoss__44_857_1,scikit_learn__sklearn__linear_model___linear_loss__LinearModelLoss__44_857_1.py,814,7996
scikit_learn__sklearn__calibration__CalibratedClassifierCV__74_596_1,scikit_learn__sklearn__calibration__CalibratedClassifierCV__74_596_1.py,523,4536
scikit_learn__sklearn__mixture___gaussian_mixture__GaussianMixture__556_1005_1,scikit_learn__sklearn__mixture___gaussian_mixture__GaussianMixture__556_1005_1.py,450,3881
scikit_learn__sklearn__discriminant_analysis__QuadraticDiscriminantAnalysis__832_1186_2,scikit_learn__sklearn__discriminant_analysis__QuadraticDiscriminantAnalysis__832_1186_2.py,355,3233
pandas__pandas__io__stata__StataReader__967_2095_7,pandas__pandas__io__stata__StataReader__967_2095_7.py,1129,10228
pandas__pandas__plotting___matplotlib__core__MPLPlot__114_1253_1,pandas__pandas__plotting___matplotlib__core__MPLPlot__114_1253_1.py,1140,8821
scikit_learn__sklearn__neural_network___multilayer_perceptron__BaseMultilayerPerceptron__58_876_1,scikit_learn__sklearn__neural_network___multilayer_perceptron__BaseMultilayerPerceptron__58_876_1.py,819,6384
scikit_learn__sklearn__ensemble___hist_gradient_boosting__gradient_boosting__HistGradientBoostingRegressor__1472_1872_2,scikit_learn__sklearn__ensemble___hist_gradient_boosting__gradient_boosting__HistGradientBoostingRegressor__1472_1872_2.py,401,3825
scikit_learn__sklearn__tree___classes__DecisionTreeRegressor__1113_1462_3,scikit_learn__sklearn__tree___classes__DecisionTreeRegressor__1113_1462_3.py,350,3209
scikit_learn__sklearn__neural_network___multilayer_perceptron__MLPClassifier__879_1383_2,scikit_learn__sklearn__neural_network___multilayer_perceptron__MLPClassifier__879_1383_2.py,505,4291
scikit_learn__sklearn__impute___iterative__IterativeImputer__60_1002_1,scikit_learn__sklearn__impute___iterative__IterativeImputer__60_1002_1.py,943,8123
pandas__pandas__io__pytables__GenericFixed__2973_3354_7,pandas__pandas__io__pytables__GenericFixed__2973_3354_7.py,382,3058
pandas__pandas__core__indexing___LocationIndexer__757_1270_2,pandas__pandas__core__indexing___LocationIndexer__757_1270_2.py,514,4508
django__django__db__models__sql__compiler__SQLCompiler__40_1686_1,django__django__db__models__sql__compiler__SQLCompiler__40_1686_1.py,1647,13029
scikit_learn__sklearn__cluster___bisect_k_means__BisectingKMeans__83_543_1,scikit_learn__sklearn__cluster___bisect_k_means__BisectingKMeans__83_543_1.py,461,3797
pandas__pandas__io__formats__html__HTMLFormatter__39_607_1,pandas__pandas__io__formats__html__HTMLFormatter__39_607_1.py,569,4488
scikit_learn__sklearn__feature_extraction__text__CountVectorizer__938_1492_3,scikit_learn__sklearn__feature_extraction__text__CountVectorizer__938_1492_3.py,555,4661
matplotlib__lib__matplotlib__tri___triinterpolate___ReducedHCT_Element__578_978_3,matplotlib__lib__matplotlib__tri___triinterpolate___ReducedHCT_Element__578_978_3.py,401,6522
matplotlib__lib__matplotlib__axes___axes__bxp__4635_5008_22,matplotlib__lib__matplotlib__axes___axes__bxp__4635_5008_22.py,374,3722
django__django__contrib__admin__checks__BaseModelAdminChecks__177_825_2,django__django__contrib__admin__checks__BaseModelAdminChecks__177_825_2.py,649,4784
matplotlib__lib__matplotlib__artist__Artist__110_1456_1,matplotlib__lib__matplotlib__artist__Artist__110_1456_1.py,1347,9736
matplotlib__lib__matplotlib__font_manager__FontManager__1040_1541_3,matplotlib__lib__matplotlib__font_manager__FontManager__1040_1541_3.py,502,4232
pandas__pandas__io__sql__SQLDatabase__1615_2112_6,pandas__pandas__io__sql__SQLDatabase__1615_2112_6.py,498,3794
django__django__db__models__deletion__Collector__117_552_1,django__django__db__models__deletion__Collector__117_552_1.py,436,3432
scikit_learn__sklearn__feature_selection___rfe__RFECV__558_1014_2,scikit_learn__sklearn__feature_selection___rfe__RFECV__558_1014_2.py,457,3853
matplotlib__lib__matplotlib__path__Path__24_1092_1,matplotlib__lib__matplotlib__path__Path__24_1092_1.py,1069,9627
matplotlib__lib__matplotlib__axes___axes__boxplot__4297_4632_21,matplotlib__lib__matplotlib__axes___axes__boxplot__4297_4632_21.py,336,3390
scikit_learn__sklearn__feature_selection___rfe__RFE__73_555_1,scikit_learn__sklearn__feature_selection___rfe__RFE__73_555_1.py,483,3742
scikit_learn__sklearn__ensemble___forest__ExtraTreesRegressor__2353_2715_7,scikit_learn__sklearn__ensemble___forest__ExtraTreesRegressor__2353_2715_7.py,363,3372
django__django__core__cache__backends__base__BaseCache__58_418_1,django__django__core__cache__backends__base__BaseCache__58_418_1.py,361,3030
matplotlib__lib__matplotlib__patches__ConnectionStyle__2847_3253_13,matplotlib__lib__matplotlib__patches__ConnectionStyle__2847_3253_13.py,407,3238
scikit_learn__sklearn__inspection___plot__partial_dependence__from_estimator__245_784_2,scikit_learn__sklearn__inspection___plot__partial_dependence__from_estimator__245_784_2.py,540,5017
pandas__pandas__core__internals__managers__BlockManager__1077_1991_2,pandas__pandas__core__internals__managers__BlockManager__1077_1991_2.py,915,7407
scrapy__scrapy__core__engine__ExecutionEngine__100_674_1,scrapy__scrapy__core__engine__ExecutionEngine__100_674_1.py,575,4659
pandas__pandas__core__base__IndexOpsMixin__268_1690_2,pandas__pandas__core__base__IndexOpsMixin__268_1690_2.py,1423,10274
scikit_learn__sklearn__model_selection___search_successive_halving__HalvingRandomSearchCV__729_1106_3,scikit_learn__sklearn__model_selection___search_successive_halving__HalvingRandomSearchCV__729_1106_3.py,378,3533
scikit_learn__sklearn__semi_supervised___self_training__SelfTrainingClassifier__31_580_1,scikit_learn__sklearn__semi_supervised___self_training__SelfTrainingClassifier__31_580_1.py,550,4089
scikit_learn__sklearn__ensemble___forest__RandomForestRegressor__1578_1961_5,scikit_learn__sklearn__ensemble___forest__RandomForestRegressor__1578_1961_5.py,384,3678
matplotlib__lib__matplotlib__axes___axes__errorbar__3908_4292_20,matplotlib__lib__matplotlib__axes___axes__errorbar__3908_4292_20.py,385,3989
matplotlib__lib__matplotlib__axes___axes__Axes__88_9301_1,matplotlib__lib__matplotlib__axes___axes__Axes__88_9301_1.py,9214,84260
pandas__pandas__core__strings__accessor__StringMethods__150_4738_1,pandas__pandas__core__strings__accessor__StringMethods__150_4738_1.py,4589,34365
pandas__pandas__io__formats__format__DataFrameFormatter__350_868_2,pandas__pandas__io__formats__format__DataFrameFormatter__350_868_2.py,519,4072
scrapy__scrapy__core__spidermw__SpiderMiddlewareManager__54_571_1,scrapy__scrapy__core__spidermw__SpiderMiddlewareManager__54_571_1.py,518,4739
pandas__pandas__io__excel___openpyxl__OpenpyxlWriter__38_534_1,pandas__pandas__io__excel___openpyxl__OpenpyxlWriter__38_534_1.py,497,3374
pandas__pandas__core__reshape__melt__wide_to_long__369_676_3,pandas__pandas__core__reshape__melt__wide_to_long__369_676_3.py,308,3700
matplotlib__lib__matplotlib__axes___base___process_plot_var_args__205_538_2,matplotlib__lib__matplotlib__axes___base___process_plot_var_args__205_538_2.py,334,3255
matplotlib__lib__matplotlib__animation__Animation__852_1417_5,matplotlib__lib__matplotlib__animation__Animation__852_1417_5.py,566,5142
scikit_learn__sklearn__discriminant_analysis__LinearDiscriminantAnalysis__249_829_1,scikit_learn__sklearn__discriminant_analysis__LinearDiscriminantAnalysis__249_829_1.py,581,5053
scikit_learn__sklearn__ensemble___hist_gradient_boosting__grower__TreeGrower__149_744_2,scikit_learn__sklearn__ensemble___hist_gradient_boosting__grower__TreeGrower__149_744_2.py,596,5196
django__django__db__backends__base__features__BaseDatabaseFeatures__5_466_1,django__django__db__backends__base__features__BaseDatabaseFeatures__5_466_1.py,462,3762
scikit_learn__sklearn__neighbors___classification__RadiusNeighborsClassifier__459_923_2,scikit_learn__sklearn__neighbors___classification__RadiusNeighborsClassifier__459_923_2.py,465,3881
pandas__pandas__core__indexing___iLocIndexer__1966_3019_4,pandas__pandas__core__indexing___iLocIndexer__1966_3019_4.py,1054,8659
scikit_learn__sklearn__linear_model___bayes__BayesianRidge__26_459_1,scikit_learn__sklearn__linear_model___bayes__BayesianRidge__26_459_1.py,434,3715
pandas__pandas__io__formats__style_render__StylerRenderer__69_1732_1,pandas__pandas__io__formats__style_render__StylerRenderer__69_1732_1.py,1664,14438
scikit_learn__sklearn__manifold___isomap__Isomap__28_442_1,scikit_learn__sklearn__manifold___isomap__Isomap__28_442_1.py,415,3329
scikit_learn__sklearn__externals___numpydoc__docscrape__NumpyDocString__111_568_1,scikit_learn__sklearn__externals___numpydoc__docscrape__NumpyDocString__111_568_1.py,458,3506
scikit_learn__sklearn__model_selection___search__GridSearchCV__1246_1613_4,scikit_learn__sklearn__model_selection___search__GridSearchCV__1246_1613_4.py,368,3718
pandas__pandas__core__groupby__ops__WrappedCythonOp__118_581_1,pandas__pandas__core__groupby__ops__WrappedCythonOp__118_581_1.py,464,3522
pandas__pandas__core__arrays__string___StringArray__611_1232_3,pandas__pandas__core__arrays__string___StringArray__611_1232_3.py,622,4948
pandas__pandas__core__indexes__category__CategoricalIndex__78_552_1,pandas__pandas__core__indexes__category__CategoricalIndex__78_552_1.py,475,3470
matplotlib__lib__matplotlib__text__Text__167_1495_1,matplotlib__lib__matplotlib__text__Text__167_1495_1.py,1329,9909
matplotlib__lib__matplotlib__patches__BoxStyle__2482_2843_12,matplotlib__lib__matplotlib__patches__BoxStyle__2482_2843_12.py,362,3459
scikit_learn__sklearn__preprocessing___polynomial__PolynomialFeatures__90_582_1,scikit_learn__sklearn__preprocessing___polynomial__PolynomialFeatures__90_582_1.py,493,4188
requests__src__requests__models__Response__642_1041_4,requests__src__requests__models__Response__642_1041_4.py,400,3047
pandas__pandas__core__arrays__datetimelike__DatetimeLikeArrayMixin__201_1780_1,pandas__pandas__core__arrays__datetimelike__DatetimeLikeArrayMixin__201_1780_1.py,1580,13137
scrapy__scrapy__settings____init____BaseSettings__83_672_1,scrapy__scrapy__settings____init____BaseSettings__83_672_1.py,590,4971
django__django__db__backends__base__creation__BaseDatabaseCreation__19_422_1,django__django__db__backends__base__creation__BaseDatabaseCreation__19_422_1.py,404,3194
pandas__pandas__io__formats__excel__ExcelFormatter__500_1024_2,pandas__pandas__io__formats__excel__ExcelFormatter__500_1024_2.py,525,4094
matplotlib__lib__matplotlib__colorbar__Colorbar__198_1334_1,matplotlib__lib__matplotlib__colorbar__Colorbar__198_1334_1.py,1137,10172
matplotlib__lib__matplotlib__widgets__PolygonSelector__3988_4359_14,matplotlib__lib__matplotlib__widgets__PolygonSelector__3988_4359_14.py,372,3349
scikit_learn__sklearn__impute___knn__KNNImputer__24_411_1,scikit_learn__sklearn__impute___knn__KNNImputer__24_411_1.py,388,3162
matplotlib__lib__matplotlib__transforms__Bbox__692_1121_3,matplotlib__lib__matplotlib__transforms__Bbox__692_1121_3.py,430,3818
